,TRADE_VOLUME,TRADE_VALUE,TRADE_COUNT,OPEN_PRICE,HIGH_PRICE,LOW_PRICE,CLOSE_PRICE
0,10479,236337.3,18,22.5,22.69,22.05,22.55
1,1890,42591.5,8,22.55,22.55,22.2,22.54
2,2257,50205.67,8,22.5,22.5,22.01,22.24
3,545,11939.95,3,22.0,22.0,21.87,21.91
4,1782,39146.32,6,22.01,22.01,21.92,21.97
5,22540,494907.15,21,21.7,22.0,21.65,21.96
6,72940,1596624.22,69,21.5,22.0,21.05,21.89
7,35067,768040.5,30,21.99,22.0,21.9,21.9
8,1400,30800.0,6,22.0,22.0,22.0,22.0
9,10754,237553.35,20,22.25,22.65,21.89,22.09
10,1615,35195.1,8,22.37,22.38,21.66,21.79
11,27,568.62,1,21.06,21.06,21.06,21.79
12,9343,204902.05,17,21.55,22.25,21.55,21.93
13,19611,432390.58,27,22.0,22.2,21.61,22.05
14,5906,130852.02,17,22.55,22.59,21.75,22.16
15,12363,263723.72,26,21.26,21.5,21.01,21.33
16,51813,1108150.76,22,21.33,21.51,21.02,21.39
17,3309,71154.38,10,21.56,21.56,21.32,21.5
18,13000,285511.7,19,21.5,22.0,21.5,21.96
19,2528,55657.06,9,21.53,22.57,21.53,22.02
20,20837,461518.99,26,22.5,22.59,22.0,22.15
21,3000,65190.0,3,21.73,21.73,21.73,21.73
22,3275,71483.5,6,21.73,22.18,21.62,21.83
23,2097,46260.63,9,21.75,22.29,21.75,22.06
24,5509,121276.03,25,22.5,22.5,21.9,22.01
25,250,5480.0,1,21.92,21.92,21.92,22.01
26,8700,196088.7,19,22.47,22.61,22.11,22.54
27,6350,142440.0,12,22.57,22.61,22.12,22.43
28,9720,219303.08,11,22.5,22.65,22.5,22.56
29,4175,93217.05,11,22.14,22.5,22.14,22.33
30,5901,130558.6,14,22.21,22.21,22.0,22.12
31,2175,47451.61,7,22.12,22.12,21.51,21.82
32,4760,103935.4,14,21.25,22.0,21.25,21.84
33,4891,109328.51,24,22.0,22.43,22.0,22.35
34,3310,72864.9,10,22.03,22.03,22.0,22.01
35,1001,21998.25,8,21.62,22.1,21.62,21.98
36,7392,164188.59,21,21.67,22.65,21.67,22.21
37,1350,29672.5,4,22.0,22.0,21.89,21.98
38,13136,289179.81,24,22.0,22.07,22.0,22.01
39,1163,25586.0,3,22.0,22.0,22.0,22.0
40,23645,520076.25,44,21.97,22.01,21.63,22.0
41,11431,250587.0,18,22.0,22.1,21.61,21.92
42,5090,113004.0,15,22.07,22.39,22.0,22.2
43,4805,106379.97,13,22.1,22.35,22.07,22.14
44,442,9754.94,4,22.07,22.07,22.07,22.14
45,12391,272911.76,28,22.35,22.4,22.0,22.02
46,600,13210.3,4,22.02,22.03,22.01,22.02
47,270,5956.2,3,22.06,22.06,22.06,22.02
48,6806,149841.38,14,22.06,22.06,21.52,22.02
49,6490,142806.45,11,22.03,22.03,22.0,22.0
50,7050,155150.18,20,22.1,22.1,22.0,22.01
51,4285,94695.18,9,22.1,22.11,22.01,22.1
52,5607,125815.14,14,22.1,22.61,22.1,22.44
53,625,14325.0,3,22.89,22.94,22.89,22.92
54,19766,453224.9,16,22.93,23.0,22.9,22.93
55,11075,254249.64,18,22.5,23.1,22.5,22.96
56,5230,120290.0,8,23.0,23.0,23.0,23.0
57,20029,460652.5,14,22.5,23.0,22.5,23.0
58,744,16474.24,2,22.11,22.21,22.11,22.14
59,25223,567996.55,9,22.5,23.0,22.5,22.52
60,988,22324.35,6,22.5,22.75,22.5,22.6
61,4193,94561.93,8,22.51,22.7,22.5,22.55
62,3602,83059.81,17,23.0,23.23,23.0,23.06
63,1450,32850.0,3,22.5,23.0,22.5,22.66
64,69,1587.0,1,23.0,23.0,23.0,22.66
65,850,19413.44,4,23.0,23.0,22.76,22.84
66,4544,104529.0,12,21.5,23.19,21.5,23.0
67,8115,190089.09,27,23.35,24.0,22.99,23.42
68,975,21468.0,8,22.0,22.42,22.0,22.02
69,8750,187259.12,17,21.2,22.0,21.1,21.4
70,1045,22601.25,4,22.0,22.0,21.25,21.63
71,2016,43136.4,8,21.36,21.8,21.35,21.4
72,4639,101240.41,14,21.5,21.99,21.5,21.82
73,1401,30822.0,8,22.0,22.0,22.0,22.0
74,22666,507560.3,29,22.48,22.51,22.0,22.39
75,5159,116077.5,8,22.5,22.5,22.5,22.5
76,615,13837.5,4,22.5,22.5,22.5,22.5
77,3735,83993.5,8,22.5,22.5,22.1,22.49
78,950,21259.5,8,22.65,22.75,22.1,22.38
79,149016,3367098.86,5,21.5,22.6,21.5,22.6
80,936,21057.06,6,22.5,22.5,22.01,22.5
81,3650,82125.0,4,22.5,22.5,22.5,22.5
82,1810,40648.3,6,21.8,22.5,21.8,22.46
83,7151,159434.58,16,22.05,22.55,21.72,22.3
84,2000,44640.0,3,22.5,22.5,22.3,22.32
85,243,5423.76,7,22.32,22.32,22.32,22.32
86,1450,33133.0,9,22.5,23.0,22.5,22.85
87,3882,90181.52,5,23.18,23.24,23.1,23.23
88,1171,26941.0,5,23.01,23.01,23.0,23.01
89,899,20609.5,3,23.0,23.0,22.75,22.92
90,2368,55275.98,10,23.1,23.99,22.75,23.34
91,288,6564.5,3,22.8,22.8,22.75,23.34
92,1000,22750.0,2,22.75,22.75,22.75,22.75
93,161700,3719100.0,1,23.0,23.0,23.0,23.0
94,1200,28196.0,3,23.48,23.5,23.48,23.5
95,1121,25783.0,3,23.0,23.0,23.0,23.0
96,2600,58669.3,5,22.75,23.0,21.35,22.57
97,4943,111401.1,4,22.5,23.0,22.5,22.54
98,4356,97998.5,12,22.5,22.5,22.45,22.5
99,982,21260.3,2,21.65,21.65,21.65,21.65
100,6590,141755.27,7,21.51,21.55,21.5,21.51
101,3710,79765.0,7,21.5,21.5,21.5,21.5
102,7924,170373.15,8,21.5,21.51,21.5,21.5
103,19428,417702.0,24,21.5,21.5,21.5,21.5
104,1000,21433.0,5,21.39,21.5,21.39,21.43
105,540,11348.4,3,21.02,21.02,21.01,21.02
106,1052,22620.82,4,21.5,21.51,21.5,21.5
107,190,3946.4,3,20.51,21.5,20.51,21.5
108,350,7001.0,2,19.4,21.51,19.4,21.5
109,194,4074.0,4,21.0,21.0,21.0,21.5
110,39,799.5,1,20.5,20.5,20.5,21.5
111,225,4837.5,2,21.5,21.5,21.5,21.5
112,1394,32866.51,9,23.64,23.65,23.0,23.58
113,4,85.12,1,21.28,21.28,21.28,23.58
114,1000,23000.0,3,23.0,23.0,23.0,23.0
115,2375,55100.0,2,23.2,23.2,23.2,23.2
116,40,844.4,1,21.11,21.11,21.11,23.2
117,44,1012.0,1,23.0,23.0,23.0,23.2
118,1200,27698.0,2,23.49,23.49,23.0,23.08
119,3000,68990.0,6,22.99,23.0,22.99,23.0
120,1563,35960.02,6,23.37,23.37,22.99,23.01
121,1075,24720.0,4,22.99,23.0,22.99,23.0
122,361,7831.26,3,21.51,21.86,21.51,23.0
123,4500,99017.0,10,22.02,22.02,22.0,22.0
124,250,5500.0,2,22.0,22.0,22.0,22.0
125,1050,23080.8,7,22.0,22.0,21.84,21.98
126,2774,63690.11,15,21.85,23.0,21.85,22.96
127,7469,172114.09,29,22.95,23.35,22.2,23.04
128,5859,134769.5,16,23.34,23.34,22.5,23.0
129,500,11738.3,3,23.34,23.99,23.34,23.48
130,1448,33304.0,4,23.0,23.0,23.0,23.0
131,976,22908.0,5,23.0,24.0,23.0,23.47
132,1744,39873.44,8,22.51,23.35,22.51,22.86
133,750,17175.0,3,23.0,23.0,22.7,22.9
134,7549,173565.96,7,23.0,23.0,22.66,22.99
135,700,16096.6,7,23.0,23.0,22.66,23.0
136,850,19550.0,4,23.0,23.0,23.0,23.0
137,1160,26680.0,5,23.0,23.0,23.0,23.0
138,750,17250.0,3,23.0,23.0,23.0,23.0
139,440,9724.0,1,22.1,22.1,22.1,23.0
140,892,19809.62,5,22.25,22.25,22.11,22.21
141,50,1122.4,3,22.1,22.99,22.02,22.21
142,1000,22500.0,1,22.5,22.5,22.5,22.5
143,576,12532.3,4,21.63,22.2,21.6,21.76
144,1776,39178.12,5,22.0,22.11,22.0,22.06
145,1570,35259.29,9,22.5,22.55,22.23,22.46
146,176,3945.92,1,22.42,22.42,22.42,22.46
147,52283,1202126.5,7,23.0,23.0,22.6,22.99
148,7337,168644.3,11,22.03,23.0,22.03,22.99
149,22685,508851.16,28,23.0,23.0,22.13,22.43
150,8000,183532.8,13,22.6,23.0,22.6,22.94
151,18975,434367.47,24,22.95,23.0,22.51,22.89
152,18000,405530.0,17,22.6,22.6,22.5,22.53
153,12868,291892.91,23,22.5,23.0,22.5,22.68
154,14147,318134.39,27,22.6,22.6,22.33,22.49
155,13720,307650.65,22,22.5,22.5,22.22,22.42
156,250,5627.5,1,22.51,22.51,22.51,22.42
157,1740,39684.35,8,22.98,23.0,22.55,22.81
158,80,1810.8,3,22.6,22.66,22.6,22.81
159,5000,114942.5,6,22.9,23.0,22.9,22.99
160,9354,221654.45,17,23.25,24.0,23.2,23.7
161,5989,137351.38,6,22.67,23.0,22.67,22.93
162,2398,55144.2,4,22.9,23.0,22.9,23.0
163,102841,2365584.44,8,23.0,23.14,23.0,23.0
164,6000,138000.0,9,23.0,23.0,23.0,23.0
165,2725,62667.0,7,22.9,23.0,22.9,23.0
166,500,11507.5,2,23.02,23.02,23.01,23.02
167,2193,50958.7,5,23.1,23.25,23.1,23.24
168,1445,33765.75,4,23.17,23.4,23.17,23.37
169,1157,27522.58,9,23.31,23.99,23.31,23.79
170,532,12764.0,3,23.98,24.0,23.98,23.99
171,6562,160703.79,23,23.99,25.3,23.99,24.49
172,3214,79407.3,13,24.63,24.72,24.63,24.71
173,3815,94105.52,9,24.8,24.8,24.4,24.67
174,11983,293397.45,20,24.5,24.55,24.11,24.48
175,406,9769.96,4,23.99,24.8,23.99,24.48
176,1000,24129.0,3,24.13,24.13,24.12,24.13
177,211,5042.4,3,23.54,24.0,23.54,24.13
178,7954,198047.6,10,24.89,24.9,24.89,24.9
179,1100,26900.0,4,24.1,24.49,24.1,24.45
180,120,2823.6,1,23.53,23.53,23.53,24.45
181,3330,81761.1,8,24.75,24.88,24.5,24.55
182,1230,30476.6,5,24.03,24.8,24.03,24.78
183,1653,40974.55,7,24.5,24.9,24.5,24.79
184,1905,47199.65,6,24.83,24.83,24.7,24.78
185,54000,1297737.34,41,24.51,24.9,24.0,24.03
186,106561,2557491.6,16,24.01,24.03,23.8,24.0
187,1312641,31503384.0,1,24.0,24.0,24.0,24.0
188,7647,184862.06,15,24.02,24.7,24.0,24.17
189,20277,490813.25,16,24.2,24.32,24.2,24.21
190,28253,685215.05,34,24.27,24.49,24.25,24.25
191,38530,940000.0,5,24.4,24.4,24.26,24.4
192,34346,839051.4,29,24.4,25.38,24.34,24.43
193,188015,4573081.88,25,24.5,25.3,24.25,24.32
194,600,14632.0,2,24.32,24.4,24.32,24.39
195,160495,3932764.59,43,24.5,24.78,24.26,24.5
196,291250,7136019.5,24,24.5,24.62,24.5,24.5
197,213931,5241920.8,129,24.6,24.6,23.65,24.5
198,500,12275.0,1,24.55,24.55,24.55,24.55
199,300,7410.0,2,24.7,24.7,24.7,24.55
200,1394,34103.0,5,24.3,24.5,24.3,24.46
201,2110,51665.18,5,24.46,24.99,24.25,24.49
202,2322,57991.08,4,24.3,24.99,24.3,24.97
203,1174,28821.7,1,24.55,24.55,24.55,24.55
204,300,7365.0,1,24.55,24.55,24.55,24.55
205,500,12275.0,2,24.55,24.55,24.55,24.55
206,11500,281773.0,8,24.6,24.6,24.5,24.5
207,10970,268932.0,16,24.52,24.56,24.5,24.52
208,1000,24510.0,3,24.51,24.51,24.51,24.51
209,17067,418188.01,15,24.55,24.75,24.5,24.5
210,11864,290668.0,40,24.5,24.5,24.5,24.5
211,7240,174918.4,6,24.16,24.16,24.16,24.16
212,16,384.16,1,24.01,24.01,24.01,24.16
213,524,12814.5,2,24.03,24.5,24.03,24.46
214,1950,48060.0,6,24.5,24.85,24.5,24.65
215,1235,30260.0,3,24.5,24.51,24.5,24.5
216,1672,40309.54,10,24.11,24.11,24.1,24.11
217,2212,53139.74,6,24.11,24.11,24.0,24.02
218,3811,93857.32,17,24.95,26.0,24.05,24.63
219,500,12500.0,2,25.0,25.0,25.0,25.0
220,25,612.75,1,24.51,24.51,24.51,25.0
221,10011,247235.1,10,24.65,24.9,24.5,24.7
222,100,2485.0,1,24.85,24.85,24.85,24.7
223,286,7150.0,3,25.0,25.0,25.0,24.7
224,155,3813.55,2,24.61,24.61,24.6,24.7
225,83637,2118534.82,58,25.0,25.8,25.0,25.33
226,13753,363390.51,30,25.9,26.69,25.9,26.42
227,22475,614802.25,33,26.77,27.6,26.77,27.35
228,958,25401.63,8,26.5,26.61,26.5,26.52
229,3942,103777.85,10,26.5,27.0,25.5,26.33
230,4527,117691.0,6,25.8,26.1,25.8,26.0
231,1557,40931.0,13,25.8,27.5,25.8,26.29
232,2246,57957.1,5,25.8,26.9,25.6,25.8
233,1029,26524.0,3,26.0,26.0,25.75,25.78
234,785,20434.42,8,26.05,26.05,26.02,26.03
235,970,25325.0,7,26.0,26.6,26.0,26.11
236,3550,95240.0,5,26.8,27.0,26.8,26.83
237,14296,388846.1,17,27.0,27.5,27.0,27.2
238,14679,418297.65,35,27.93,29.0,27.8,28.5
239,4088,120523.1,17,28.97,30.3,28.97,29.48
240,6977,201643.6,18,29.4,29.4,28.5,28.9
241,74157,2224522.05,59,29.5,30.01,29.0,30.0
242,3393,101217.0,8,29.45,30.2,29.3,29.83
243,72500,2229856.6,29,30.0,31.25,30.0,30.76
244,229776,7348990.16,44,31.15,32.34,31.15,31.98
245,28149,901745.5,24,33.0,33.0,32.0,32.03
246,7369,236097.2,15,32.5,32.5,32.0,32.04
247,222467,7342787.51,26,32.87,33.48,32.87,33.01
248,59188,1920104.5,24,32.17,33.0,32.15,32.44
249,46284,1531263.47,26,33.0,33.25,32.5,33.08
250,133425,4403025.0,9,33.0,33.0,33.0,33.0
251,12870,426234.0,5,33.0,33.2,33.0,33.12
252,10820,357083.55,9,32.0,33.01,32.0,33.0
253,22273,735054.0,13,33.0,33.15,33.0,33.0
254,2362,77946.0,6,33.0,33.0,33.0,33.0
255,5370,177302.7,10,33.0,33.04,33.0,33.02
256,5106,172227.35,14,33.0,35.0,33.0,33.73
257,4924,163961.17,12,33.25,34.85,33.02,33.3
258,2502,86618.8,8,35.47,35.47,33.0,34.62
259,26245,866004.6,16,31.2,33.03,31.2,33.0
260,5465,182385.75,10,33.07,33.5,33.07,33.37
261,4374,146527.0,3,33.48,33.5,33.48,33.5
262,592,19832.0,4,33.5,33.5,33.5,33.5
263,8316,275941.74,19,33.07,33.5,33.05,33.18
264,8634,289239.0,11,33.5,33.5,33.5,33.5
265,10228,346075.5,8,33.5,34.0,33.5,33.84
266,1732,58888.0,3,34.0,34.0,34.0,34.0
267,26762,950656.11,63,34.0,36.8,33.45,35.52
268,32864,1269966.48,37,36.8,39.07,36.8,38.64
269,23978,1008083.4,39,42.49,42.5,40.0,42.04
270,3300,132005.2,6,40.5,40.5,39.04,40.0
271,12356,493645.75,13,40.0,40.0,39.5,39.95
272,66156,2646847.5,46,39.1,40.9,39.1,40.01
273,2735,106667.35,2,39.0,39.01,39.0,39.0
274,13575,541895.0,12,39.0,40.68,39.0,39.92
275,38960,1558497.4,42,39.25,40.5,39.25,40.0
276,9141,365699.41,7,40.01,40.01,40.0,40.01
277,42000,1680000.0,48,40.0,40.0,40.0,40.0
278,14749,589712.59,17,40.0,40.0,39.01,39.98
279,30340,1213600.0,8,40.0,40.0,40.0,40.0
280,10004,378707.08,23,40.0,40.0,36.0,37.86
281,9348,345967.4,18,37.02,37.11,37.0,37.01
282,3758,144455.5,15,37.25,39.0,37.25,38.44
283,4957,191217.32,13,40.0,40.0,38.01,38.58
284,469200,18774207.92,57,40.0,42.0,39.98,40.01
285,30639,1225343.5,22,40.0,40.0,39.5,39.99
286,23520,940800.0,4,40.0,40.0,40.0,40.0
287,50240,2009562.34,8,40.0,40.0,39.0,40.0
288,69850,2794000.0,75,40.0,40.0,40.0,40.0
289,300,12120.75,2,40.25,40.5,40.25,40.4
290,305,12200.0,1,40.0,40.0,40.0,40.0
291,5316,216567.84,12,40.0,41.0,40.0,40.74
292,29675,1186268.7,22,40.01,40.5,39.5,39.98
293,54476,2176777.25,28,39.11,40.4,39.0,39.96
294,4000,155850.0,5,38.9,39.0,38.8,38.96
295,353,13272.8,1,37.6,37.6,37.6,37.6
296,1563,61888.98,4,39.9,39.9,39.21,39.6
297,1227,49063.21,8,39.99,40.0,39.97,39.99
298,24573,970376.5,5,39.0,39.5,39.0,39.49
299,1094,42756.04,2,38.99,39.5,38.99,39.08
300,28269,1102177.85,10,38.99,39.0,38.01,38.99
301,32782,1283835.75,9,38.0,39.5,38.0,39.16
302,837,32704.5,3,39.0,39.5,39.0,39.07
303,10000,390000.0,5,39.0,39.0,39.0,39.0
304,54540,2181375.0,23,39.5,40.0,39.5,40.0
305,1527,61165.74,2,40.1,40.1,37.62,40.06
306,1391,54739.0,4,39.0,39.5,39.0,39.35
307,603,22737.8,3,38.2,38.2,37.6,37.71
308,403,15269.8,3,37.6,37.99,37.6,37.89
309,6481,232450.81,5,37.79,37.79,35.0,35.87
310,2065,72508.23,4,34.65,36.0,34.61,35.11
311,18958,684941.02,5,37.0,37.0,34.7,36.13
312,4304,143687.0,9,32.53,35.0,32.53,33.38
313,20370,712950.0,11,35.0,35.0,35.0,35.0
314,37,1261.7,1,34.1,34.1,34.1,35.0
315,26,886.6,1,34.1,34.1,34.1,35.0
316,7476,262275.64,9,34.1,35.15,34.1,35.08
317,6906,253112.34,9,35.0,38.1,35.0,36.65
318,5160,190920.0,3,37.0,37.0,37.0,37.0
319,6000,225996.4,12,37.01,38.0,37.0,37.67
320,192,7105.92,1,37.01,37.01,37.01,37.67
321,8640,321844.6,6,36.55,37.5,36.55,37.25
322,64801,2397687.0,33,37.01,37.01,37.0,37.0
323,97623,3611681.01,37,35.0,37.01,35.0,37.0
324,422,14403.4,6,34.27,35.01,33.33,34.13
325,1389,51391.72,6,36.99,37.0,36.98,37.0
326,601,22237.0,2,37.0,37.0,37.0,37.0
327,13292,491804.0,9,37.0,37.0,37.0,37.0
328,50,1705.0,1,34.1,34.1,34.1,37.0
329,261069,9904500.15,18,37.0,38.0,36.95,37.94
330,50,1875.0,1,37.5,37.5,37.5,37.94
331,1919,71003.0,2,37.0,37.0,37.0,37.0
332,15237,563223.0,8,37.02,37.02,36.0,36.96
333,5052,185852.11,8,37.0,37.0,35.07,36.79
334,100,3555.0,1,35.55,35.55,35.55,36.79
335,403,14786.3,4,36.1,37.5,36.1,36.69
336,17176,636303.18,6,37.05,37.05,36.15,37.05
337,300,11400.0,1,38.0,38.0,38.0,38.0
338,4684,176736.63,6,37.0,38.0,37.0,37.73
339,1907,73849.0,5,37.0,39.0,37.0,38.73
340,1000,39000.0,5,39.0,39.0,39.0,39.0
341,2976,116064.0,9,39.0,39.0,39.0,39.0
342,1000,39929.0,5,39.92,39.93,39.92,39.93
343,726,27588.0,2,38.0,38.0,38.0,38.0
344,33615,1347804.54,28,39.97,40.97,39.97,40.1
345,1000,40880.0,4,40.88,40.88,40.88,40.88
346,273,11062.73,2,40.8,40.8,37.51,40.52
347,1035,42132.93,10,40.52,40.85,38.58,40.71
348,3903,158618.87,11,39.01,40.89,39.01,40.64
349,3465,141214.2,14,40.99,42.25,39.5,40.75
350,4170,174180.34,16,40.99,42.1,40.99,41.77
351,1000,42337.46,5,42.07,42.5,42.07,42.34
352,1111,45496.31,7,40.51,41.0,40.5,40.95
353,10800,452323.0,7,41.9,42.0,41.7,41.88
354,3550,150416.0,11,42.3,42.7,42.0,42.37
355,2312,99268.65,12,42.37,43.75,42.37,42.94
356,2500,108470.5,8,43.48,43.5,43.24,43.39
357,48140,2077169.1,31,43.0,43.7,43.0,43.15
358,6617,291087.11,9,43.73,44.3,43.73,43.99
359,2196,95252.8,6,42.25,43.5,42.25,43.38
360,2600,114859.0,6,44.1,44.5,43.51,44.18
361,24470,1078914.04,17,43.61,44.45,43.5,44.09
362,109475,4838765.2,20,44.2,44.21,44.0,44.2
363,643,28058.73,6,42.23,43.8,42.23,43.64
364,500,20098.7,2,41.41,41.41,40.0,40.2
365,852,36082.04,2,43.99,43.99,40.02,42.35
366,611,25149.8,3,41.1,44.0,41.1,41.16
367,92,3841.0,2,41.75,41.75,41.75,41.16
368,750,31362.5,2,41.75,42.0,41.75,41.82
369,697,29167.45,5,41.75,41.85,41.75,41.85
370,609,25025.29,5,41.03,41.2,41.03,41.09
371,530,21883.9,6,42.99,43.0,40.28,41.29
372,300,12061.5,3,40.27,40.27,40.01,40.21
373,1201,49901.11,7,42.0,42.0,40.11,41.55
374,3543,151790.55,6,43.5,43.9,42.55,42.84
375,44,1931.6,1,43.9,43.9,43.9,42.84
376,528,21177.52,4,40.11,40.11,40.1,40.11
377,401,16156.76,3,40.26,40.31,40.26,40.29
378,232,9560.72,1,41.21,41.21,41.21,40.29
379,204,8419.0,3,41.0,41.55,41.0,40.29
380,15726,648730.48,15,41.25,41.27,41.25,41.25
381,1024,41946.4,2,41.02,41.02,38.6,40.96
382,58,2262.0,1,39.0,39.0,39.0,40.96
383,1200,47700.0,2,39.75,39.75,39.75,39.75
384,9875,395052.0,9,40.26,40.26,40.0,40.01
385,92,3674.54,2,39.72,40.01,39.72,40.01
386,60,2382.6,1,39.71,39.71,39.71,40.01
387,154,5698.0,1,37.0,37.0,37.0,40.01
388,1500,58500.0,1,39.0,39.0,39.0,39.0
389,24,849.6,1,35.4,35.4,35.4,39.0
390,100226,3909016.0,4,39.0,40.0,39.0,39.0
391,29000,1131000.0,1,39.0,39.0,39.0,39.0
392,472,18348.0,3,36.25,40.0,36.25,38.87
393,425,15345.6,3,37.2,37.2,35.51,36.11
394,522,20727.49,5,39.7,39.72,39.69,39.71
395,250,9800.0,1,39.2,39.2,39.2,39.71
396,11937,465554.24,11,39.01,39.03,39.0,39.0
397,148869,5895298.35,5,40.0,40.05,39.6,39.6
398,2009,76342.36,3,38.01,38.01,38.0,38.0
399,1100,41913.0,4,38.1,38.13,38.1,38.1
400,4200,160664.94,6,38.0,38.5,38.0,38.25
401,79,3057.65,2,38.51,38.99,38.51,38.25
402,39045,1522455.0,6,38.0,39.0,38.0,38.99
403,1566,59655.1,7,38.0,38.99,36.3,38.09
404,750,28575.0,3,38.1,38.1,38.1,38.1
405,1100,41900.0,3,38.0,38.1,38.0,38.09
406,2700,102870.0,9,38.1,38.1,38.1,38.1
407,11,401.72,1,36.52,36.52,36.52,38.1
408,4724,174855.94,8,36.81,38.0,36.81,37.01
409,200,7600.0,1,38.0,38.0,38.0,37.01
410,10277,380254.4,19,36.78,37.01,36.78,37.0
411,1800,66433.6,6,37.0,37.0,36.86,36.91
412,6426,237589.76,6,37.0,37.0,36.88,36.97
413,2375,85244.85,6,36.8,36.8,35.36,35.89
414,1000,36000.0,2,36.0,36.0,36.0,36.0
415,36239,1340712.26,57,37.0,37.0,36.05,37.0
416,6100,232016.1,8,36.99,39.0,36.99,38.04
417,694,25072.4,7,34.6,36.98,34.6,36.13
418,2934,111982.0,5,38.0,39.5,37.48,38.17
419,100,3439.27,3,34.4,34.4,34.38,38.17
420,6500,248231.1,14,37.8,39.0,34.5,38.19
421,2025,71459.95,7,34.51,35.5,34.51,35.29
422,574,20012.8,3,34.51,35.29,34.51,34.87
423,6750,249759.0,15,37.01,37.01,37.0,37.0
424,6627,254007.93,18,37.0,38.5,37.0,38.33
425,25,906.25,1,36.25,36.25,36.25,38.33
426,14204,555770.16,21,38.97,40.0,38.0,39.13
427,42779,1704343.2,53,39.0,42.0,35.75,39.84
428,51,1840.59,1,36.09,36.09,36.09,39.84
429,24,876.72,1,36.53,36.53,36.53,39.84
430,22950,894552.0,2,36.51,39.0,36.51,38.98
431,105800,4126160.0,7,38.98,39.0,38.98,39.0
432,30,1110.25,2,37.0,37.01,37.0,39.0
433,7500,293500.0,6,39.0,39.5,39.0,39.13
434,27377,1081233.1,21,39.5,39.5,39.02,39.49
435,14874,580086.0,10,39.0,39.0,39.0,39.0
436,250001,9750039.0,8,39.0,39.0,39.0,39.0
437,78682,3067991.11,10,39.0,39.0,36.57,38.99
438,2596,101269.96,4,39.01,39.01,39.01,39.01
439,29457,1175330.26,14,39.01,40.0,39.01,39.9
440,200,7902.3,3,39.01,40.35,39.01,39.9
441,2798,109127.12,4,39.0,39.01,39.0,39.0
442,9234,361588.5,14,39.5,39.5,39.0,39.16
443,36372,1420710.33,16,39.0,40.0,39.0,39.06
444,1300,51350.0,3,39.5,39.5,39.5,39.5
445,231,9011.31,1,39.01,39.01,39.01,39.5
446,596,23805.35,5,39.01,40.0,39.01,39.94
447,17559,710949.5,19,40.38,40.5,40.38,40.49
448,2942,117845.94,4,40.02,40.08,40.02,40.06
449,357634,14678937.58,28,40.9,41.99,40.9,41.04
450,25,1025.0,1,41.0,41.0,41.0,41.04
451,16558,679117.92,42,41.04,41.04,40.03,41.01
452,48000,1967950.0,5,40.02,41.25,40.02,41.0
453,2769,117018.75,8,41.5,42.5,41.22,42.26
454,348,14268.0,2,41.0,41.0,41.0,41.0
455,150,6150.0,1,41.0,41.0,41.0,41.0
456,2543,104263.0,2,41.0,41.0,41.0,41.0
457,7286,301772.48,10,41.5,41.5,41.05,41.42
458,50713,2129371.6,15,40.5,42.0,40.05,41.99
459,551,22795.61,2,41.5,41.5,40.11,41.37
460,90731,3810968.0,13,42.0,42.5,42.0,42.0
461,9600,398925.0,2,41.55,42.0,41.55,41.55
462,143979,6047086.9,17,42.0,42.0,41.99,42.0
463,1031,42276.31,3,41.01,41.01,41.0,41.01
464,1300,53480.0,4,41.2,41.2,41.1,41.14
465,1504,62416.0,3,41.5,41.5,41.5,41.5
466,25,1030.0,1,41.2,41.2,41.2,41.5
467,371090,15534507.5,27,41.25,42.0,41.25,41.86
468,155250,6520167.5,11,40.75,42.0,40.75,42.0
469,119148,5018818.3,15,41.5,42.15,41.5,42.12
470,33,1320.33,1,40.01,40.01,40.01,42.12
471,10,420.0,1,42.0,42.0,42.0,42.12
472,3390,139023.9,7,41.01,41.01,41.01,41.01
473,1500,61500.0,1,41.0,41.0,41.0,41.0
474,32844,1346604.0,5,41.0,41.0,41.0,41.0
475,147,5881.47,1,40.01,40.01,40.01,41.0
476,772,32281.2,4,41.0,42.1,41.0,41.82
477,372,15577.16,2,41.99,41.99,40.03,41.87
478,641,26601.5,2,41.5,41.5,41.5,41.5
479,41,1652.75,2,40.3,40.35,40.3,41.5
480,59,2360.0,1,40.0,40.0,40.0,41.5
481,16401,656053.97,6,39.1,40.01,39.1,40.0
482,1050,42000.0,2,40.0,40.0,40.0,40.0
483,25744,1054728.09,8,40.0,41.0,40.0,40.97
484,118,4790.8,2,40.6,40.6,40.6,40.97
485,40,1624.0,1,40.6,40.6,40.6,40.97
486,9217,368724.25,12,40.01,40.05,40.0,40.0
487,45747,1809314.9,18,38.51,41.8,38.51,39.55
488,1000,39000.0,2,39.0,39.0,39.0,39.0
489,7320,287526.0,2,39.0,39.3,39.0,39.28
490,34090,1425582.4,2,38.75,38.75,38.75,39.28
491,175,6825.0,2,39.0,39.0,39.0,39.28
492,1825,71175.0,2,39.0,39.0,39.0,39.0
493,135,5386.5,1,39.9,39.9,39.9,39.0
494,100,3970.0,1,39.7,39.7,39.7,39.0
495,180,6975.0,1,38.75,38.75,38.75,39.0
496,620,23560.0,2,38.0,38.0,38.0,38.0
497,215,8143.05,4,38.01,38.01,35.1,38.0
498,20000,760000.0,6,38.0,38.0,38.0,38.0
499,50,1825.0,1,36.5,36.5,36.5,38.0
500,40,1460.38,2,36.51,36.51,36.5,38.0
501,278,10152.0,3,36.5,36.55,36.5,36.52
502,2070,75475.0,5,36.5,36.5,36.1,36.46
503,660,23556.6,4,36.15,36.15,35.16,35.69
504,252,9343.8,4,35.1,37.25,32.6,35.69
505,711,24694.67,4,35.5,35.5,34.01,34.73
506,90,3307.0,2,34.44,37.49,34.44,34.73
507,10,344.5,1,34.45,34.45,34.45,34.73
508,399,14140.0,2,35.0,35.5,35.0,35.44
509,100,3600.0,1,36.0,36.0,36.0,35.44
510,4091,147236.8,8,35.0,36.0,35.0,35.99
511,109,3816.0,2,35.01,35.01,35.0,35.99
512,110,3966.6,1,36.06,36.06,36.06,35.99
513,9000,328694.4,5,37.45,37.49,36.5,36.52
514,4207,158657.03,6,37.49,38.0,37.0,37.71
515,38533,1453079.43,1,37.71,37.71,37.71,37.71
516,42410,1599281.1,2,37.71,37.71,37.71,37.71
517,2455,91878.3,4,36.0,37.5,36.0,37.42
518,33779,1279936.19,47,37.42,38.0,37.42,37.89
519,13450,508299.49,14,37.89,38.0,37.0,37.79
520,161,5957.0,2,37.0,37.0,37.0,37.79
521,10489,392933.0,19,37.0,37.5,37.0,37.46
522,296,11098.52,2,37.0,37.99,37.0,37.5
523,3312,121881.6,3,36.8,36.8,36.8,36.8
524,8811,321586.5,16,36.5,36.5,36.49,36.5
525,20,700.0,2,35.0,35.0,35.0,36.5
526,308,11242.0,2,36.5,36.5,36.5,36.5
527,118446,4321708.75,12,36.5,36.5,36.48,36.49
528,1000,36000.0,1,36.0,36.0,36.0,36.0
529,500,17505.0,1,35.01,35.01,35.01,35.01
530,272,9656.0,1,35.5,35.5,35.5,35.01
531,228,8094.0,2,35.5,35.5,35.5,35.01
532,117410,4109259.26,14,31.51,35.0,31.51,35.0
533,800060,28001952.78,9,32.53,35.0,32.53,35.0
534,400350,14012215.0,4,35.0,35.0,34.9,35.0
535,90,2917.04,6,31.52,33.0,31.52,35.0
536,150,5175.0,1,34.5,34.5,34.5,35.0
537,78,2597.72,2,31.54,34.98,31.54,35.0
538,1120,35448.05,7,31.61,32.0,31.6,31.65
539,40896,1309322.0,8,33.0,33.0,32.0,32.02
540,1024,32768.0,5,32.0,32.0,32.0,32.0
541,9366,299743.5,57,32.0,32.1,32.0,32.0
542,15760,504320.0,10,32.0,32.0,32.0,32.0
543,866,25982.0,6,30.01,30.01,30.0,30.0
544,50,1375.0,1,27.5,27.5,27.5,30.0
545,18960,568800.0,59,30.0,30.0,30.0,30.0
546,47457,1423710.0,15,30.0,30.0,30.0,30.0
547,7252,217560.0,8,30.0,30.0,30.0,30.0
548,30,900.0,1,30.0,30.0,30.0,30.0
549,100,3298.0,1,32.98,32.98,32.98,30.0
550,97794,3128704.0,4,32.0,32.0,31.0,31.99
551,8500,271915.0,5,31.99,31.99,31.99,31.99
552,58656,1876895.11,12,32.0,32.0,30.01,32.0
553,704,22528.0,1,32.0,32.0,32.0,32.0
554,55,1601.6,2,29.12,29.12,29.12,32.0
555,3516,112260.35,6,30.0,32.96,30.0,31.93
556,400,13948.01,5,34.79,34.95,34.79,34.87
557,60,2040.0,1,34.0,34.0,34.0,34.87
558,20232,667932.54,4,33.99,34.0,31.52,33.01
559,130050,4381342.5,10,33.9,33.9,32.98,33.69
560,2232,69192.0,5,31.0,31.0,31.0,31.0
561,9857,305581.17,15,31.03,31.03,31.0,31.0
562,7959,246729.0,3,31.0,31.0,31.0,31.0
563,32,929.6,1,29.05,29.05,29.05,31.0
564,700,19733.6,4,29.05,29.05,28.1,28.19
565,2600,80600.0,1,31.0,31.0,31.0,31.0
566,142,4016.19,2,28.29,28.29,28.28,31.0
567,99,2871.5,2,29.01,29.01,29.0,31.0
568,4,112.28,1,28.07,28.07,28.07,31.0
569,28,787.9,2,28.1,28.15,28.1,31.0
570,128917,3987402.81,4,30.93,30.93,30.93,30.93
571,1685,48181.8,7,28.5,28.71,28.5,28.59
572,147,4181.21,2,28.45,28.45,28.43,28.59
573,349,10728.95,3,30.73,30.75,30.73,30.74
574,4621,138825.13,9,30.7,30.73,30.0,30.04
575,12522,375660.0,10,30.0,30.0,30.0,30.0
576,240,7200.0,1,30.0,30.0,30.0,30.0
577,4315,125328.0,6,30.0,30.0,28.75,29.04
578,500,15360.0,1,30.72,30.72,30.72,30.72
579,88,2596.0,3,29.5,29.5,29.5,30.72
580,57278,1717767.22,10,30.0,30.0,29.98,29.99
581,34607,1037642.92,4,28.4,29.99,28.4,29.98
582,230,6705.9,2,29.85,29.85,28.52,29.98
583,600,16780.0,2,27.8,28.0,27.8,27.97
584,126,3239.46,1,25.71,25.71,25.71,27.97
585,50,1447.5,1,28.95,28.95,28.95,27.97
586,917,23995.5,8,27.5,28.5,26.0,26.17
587,106,2803.48,3,28.48,28.48,25.0,26.17
588,10,236.0,1,23.6,23.6,23.6,26.17
589,250,5900.0,1,23.6,23.6,23.6,26.17
590,190,4486.24,2,23.6,23.62,23.6,26.17
591,601,14457.9,5,25.6,27.4,23.65,24.06
592,2,44.0,1,22.0,22.0,22.0,24.06
593,73,1624.25,1,22.25,22.25,22.25,24.06
594,953,21361.92,5,22.24,23.0,22.24,22.42
595,13,274.43,1,21.11,21.11,21.11,22.42
596,74503,1669736.36,9,21.0,22.42,21.0,22.41
597,20000,448200.0,1,22.41,22.41,22.41,22.41
598,2500,55420.0,2,21.32,22.38,21.32,22.17
599,549,11769.85,10,21.5,21.61,20.18,21.44
600,300,6302.0,2,21.0,21.01,21.0,21.44
601,18,378.0,1,21.0,21.0,21.0,21.44
602,1700,34730.0,5,20.51,20.51,20.25,20.43
603,1037,21239.16,2,20.5,20.5,20.48,20.48
604,6200,130200.0,4,21.0,21.0,21.0,21.0
605,2052,42855.91,8,20.9,21.0,20.01,20.88
606,135,2701.02,2,20.02,20.02,20.0,20.88
607,43,860.0,4,20.0,20.0,20.0,20.88
608,53407,1120478.28,10,20.0,21.0,20.0,20.98
609,1767,36584.33,7,20.02,22.25,20.0,20.7
610,3649,79588.01,4,20.75,21.98,20.55,21.81
611,450,10424.25,4,23.0,23.99,23.0,23.17
612,269,6577.93,5,24.9,25.48,23.7,23.17
613,6655,148233.65,12,23.13,23.13,21.11,22.27
614,125,2526.25,1,20.21,20.21,20.21,22.27
615,716,14391.6,3,20.1,20.1,20.1,20.1
616,664,13330.5,3,20.1,20.1,19.5,20.08
617,654,12541.7,5,19.45,19.5,18.3,19.18
618,1176,21551.96,7,18.54,19.4,18.01,18.33
619,1480,28103.2,4,19.0,19.0,18.95,18.99
620,2400,45540.0,2,18.95,18.99,18.95,18.98
621,850,16090.0,5,18.89,18.98,18.77,18.93
622,4045,76142.75,4,18.98,18.98,18.75,18.82
623,200,3796.0,1,18.98,18.98,18.98,18.82
624,430,8148.0,2,18.97,18.97,18.9,18.82
625,2809,52045.38,7,18.31,18.76,18.31,18.53
626,693,13132.69,2,18.33,19.19,18.33,18.95
627,5257,94783.44,14,18.98,18.98,18.0,18.03
628,3610,65089.7,9,18.97,18.97,18.02,18.03
629,6986,124610.35,17,18.04,18.04,17.5,17.84
630,8781,154363.43,17,17.53,17.89,17.5,17.58
631,24,420.0,1,17.5,17.5,17.5,17.58
632,3859,66687.55,12,17.56,17.56,17.03,17.28
633,7350,125060.0,12,17.01,17.02,17.0,17.01
634,53675,909795.0,50,16.5,17.0,16.5,16.95
635,500,8275.0,2,16.51,16.56,16.51,16.95
636,625,10322.05,2,16.52,16.52,16.51,16.52
637,755,12661.66,4,16.52,16.9,16.51,16.77
638,68,1149.2,1,16.9,16.9,16.9,16.77
639,1280,21634.0,4,16.9,16.91,16.9,16.9
640,1055,17793.98,4,16.9,16.9,16.51,16.87
641,540,9070.0,2,16.79,16.8,16.79,16.87
642,2000,33000.0,3,16.5,16.5,16.5,16.5
643,6494,103908.58,12,16.0,16.02,16.0,16.0
644,20,314.0,1,15.7,15.7,15.7,16.0
645,200,3200.0,1,16.0,16.0,16.0,16.0
646,60999,956675.38,52,15.87,16.0,15.0,15.68
647,3608,54124.66,5,15.02,15.02,15.0,15.0
648,4226,62666.85,17,15.0,15.0,14.51,14.83
649,103434,1478856.93,115,15.8,15.8,13.6,14.3
650,456179,5932627.41,242,14.44,14.48,12.87,13.01
651,296952,3816918.43,318,12.23,13.6,12.11,12.85
652,373343,4741025.93,320,13.0,13.02,12.2,12.7
653,211704,2770014.64,274,13.15,13.3,12.65,13.08
654,392493,5426265.23,385,13.29,14.57,13.07,13.83
655,257385,3816887.05,270,14.05,15.14,14.05,14.83
656,233558,3447833.4,305,15.02,15.4,14.3,14.76
657,90131,1291549.11,132,14.35,14.65,14.02,14.33
658,66370,924091.35,88,13.85,14.12,13.75,13.92
659,8527,118224.42,22,13.94,13.98,13.73,13.86
660,91536,1297137.91,107,13.7,14.5,13.7,14.17
661,28116,389674.56,49,14.0,14.2,13.6,13.86
662,80756,1099140.43,93,13.61,14.0,13.4,13.61
663,26920,368806.77,29,13.87,13.95,13.45,13.7
664,79062,1094867.67,85,13.51,14.0,13.51,13.85
665,49090,681459.34,66,14.0,14.0,13.69,13.88
666,64123,858870.05,67,13.6,13.6,13.2,13.39
667,243866,3281866.61,54,13.08,13.5,13.08,13.46
668,47172,622555.32,53,13.3,13.4,13.0,13.2
669,25940,339868.27,46,13.05,13.46,12.99,13.1
670,46420,602284.24,41,12.9,13.17,12.9,12.97
671,16568,217774.2,46,13.48,13.48,13.06,13.14
672,96979,1304814.94,105,13.38,13.69,13.2,13.45
673,190579,2668808.56,214,13.79,14.3,13.47,14.0
674,61150,850404.4,90,14.09,14.1,13.71,13.91
675,129812,1817845.46,108,13.99,14.42,13.63,14.0
676,56172,771756.96,73,14.05,14.05,13.6,13.74
677,11305,154045.5,20,13.62,13.66,13.6,13.63
678,313654,4393492.75,182,13.69,14.34,13.52,14.01
679,196251,2762765.38,143,14.46,14.5,14.0,14.08
680,167202,2276248.21,126,14.03,14.03,13.5,13.61
681,86842,1172221.33,85,13.34,13.7,13.33,13.5
682,28467,379177.74,38,13.4,13.5,13.08,13.32
683,30625,401660.33,38,13.15,13.28,13.01,13.12
684,25756,341848.28,38,13.25,13.38,13.12,13.27
685,30229,405151.61,49,13.27,13.5,13.27,13.4
686,34030,451878.96,35,13.33,13.36,13.14,13.28
687,21629,291129.86,28,13.32,13.5,13.3,13.46
688,16576,220157.92,25,13.2,13.42,13.2,13.28
689,25665,340414.34,33,13.21,13.45,13.11,13.26
690,36713,476352.04,43,13.01,13.04,12.9,12.98
691,24550,317086.99,27,12.9,13.0,12.85,12.92
692,46200,600395.9,54,13.0,13.01,12.95,13.0
693,20147,261361.85,28,13.0,13.22,12.89,12.97
694,3495,44545.55,11,12.73,12.76,12.73,12.75
695,44222,561129.19,67,13.1,13.1,12.6,12.69
696,136631,1774623.9,170,12.57,13.14,12.57,12.99
697,5100,65310.0,6,12.85,12.85,12.8,12.81
698,21700,281558.3,23,12.82,13.0,12.82,12.98
699,35531,456598.77,43,12.99,12.99,12.75,12.85
700,3351,42477.53,11,12.61,12.85,12.61,12.68
701,9000,114089.53,8,12.68,12.7,12.65,12.68
702,15152,192470.4,24,12.7,12.71,12.7,12.7
703,220,2798.4,1,12.72,12.72,12.72,12.7
704,1500,19485.0,1,12.99,12.99,12.99,12.99
705,1550,19738.5,6,12.8,12.8,12.7,12.73
706,2680,34634.4,6,12.97,12.98,12.78,12.92
707,11171,143268.26,8,12.87,12.93,12.8,12.83
708,42135,546404.81,41,12.98,13.0,12.84,12.97
709,38006,490550.89,28,12.9,12.98,12.9,12.91
710,17629,229074.45,13,12.84,13.0,12.84,12.99
711,13999,181321.57,13,13.0,13.0,12.77,12.95
712,38135,492161.91,46,12.87,12.96,12.85,12.91
713,28723,366407.51,42,12.78,12.9,12.7,12.76
714,8500,109234.6,16,12.76,12.9,12.72,12.85
715,9126,114794.46,13,12.73,12.73,12.52,12.58
716,7730,98080.6,11,12.7,12.87,12.65,12.69
717,3436,43301.8,7,12.67,12.67,12.55,12.6
718,20197,252046.42,22,12.6,12.6,12.4,12.48
719,2800,35831.5,4,12.79,12.8,12.79,12.8
720,15679,191840.01,20,12.52,12.52,12.05,12.24
721,7274,89762.15,11,12.3,12.4,12.3,12.34
722,10965,139212.85,6,12.6,12.85,12.6,12.7
723,29300,360976.54,35,12.42,12.42,12.3,12.32
724,5305,67512.9,9,12.6,12.98,12.52,12.73
725,51074,660686.4,46,12.98,13.05,12.6,12.94
726,18868,243241.65,33,12.99,13.0,12.75,12.89
727,37179,481500.2,35,13.0,13.0,12.85,12.95
728,16316,193729.46,22,11.84,12.0,11.75,11.87
729,10250,121962.46,12,12.0,12.0,11.8,11.9
730,7795,92874.4,7,11.99,12.0,11.7,11.91
731,5910,69103.0,13,11.99,11.99,11.56,11.69
732,15980,190823.35,22,11.96,12.0,11.72,11.94
733,1775,21011.75,4,11.89,11.89,11.77,11.84
734,31743,375948.05,41,11.89,12.19,11.62,11.84
735,23036,272588.2,40,11.89,11.89,11.8,11.83
736,41741,485801.86,30,11.8,11.8,11.6,11.64
737,30300,348619.22,27,11.5,11.8,11.4,11.51
738,17600,206340.0,14,11.82,11.83,11.6,11.72
739,13811,160888.02,22,11.79,11.79,11.59,11.65
740,11044,128396.72,14,11.64,11.65,11.57,11.63
741,2380,27360.56,9,11.53,11.53,11.41,11.5
742,107009,1182305.86,89,11.55,11.56,10.5,11.05
743,19383,220063.29,31,11.45,11.5,11.15,11.35
744,18188,209294.73,26,11.4,11.82,11.3,11.51
745,12500,146380.0,13,11.88,11.88,11.55,11.71
746,8990,102060.52,16,11.69,11.69,11.23,11.35
747,23551,273986.42,29,11.64,11.75,11.41,11.63
748,18054,211351.97,22,11.6,11.8,11.5,11.71
749,7216,85097.67,10,11.65,11.87,11.65,11.79
750,18900,224854.84,24,11.89,12.0,11.8,11.9
751,6638,78338.4,9,11.8,11.81,11.8,11.8
752,166804,2007471.96,147,11.83,12.34,11.83,12.03
753,22072,261720.14,32,11.9,11.95,11.66,11.86
754,24700,289845.23,26,11.7,11.92,11.65,11.73
755,12200,141805.5,17,11.66,11.66,11.6,11.62
756,11460,131989.92,19,11.61,11.61,11.45,11.52
757,13371,152238.73,26,11.5,11.55,11.29,11.39
758,85458,958598.57,80,11.55,11.57,11.0,11.22
759,28428,315878.66,34,11.16,11.2,10.92,11.11
760,36090,405464.85,38,11.1,11.49,11.08,11.23
761,5200,57542.0,6,11.09,11.09,11.04,11.07
762,12650,139169.0,29,11.04,11.05,10.9,11.0
763,38498,422780.38,57,11.07,11.09,10.83,10.98
764,24200,271148.39,30,11.1,11.4,10.99,11.2
765,18660,204566.9,24,11.0,11.01,10.86,10.96
766,27843,306013.33,28,11.0,11.0,10.9,10.99
767,26595,291836.5,27,11.0,11.0,10.9,10.97
768,1889,20737.9,5,11.0,11.0,10.85,10.98
769,5437,59150.07,13,10.98,10.99,10.8,10.88
770,2913,31561.05,3,10.85,10.85,10.8,10.83
771,10400,111977.0,15,10.8,10.85,10.75,10.77
772,2000,20825.4,6,10.5,10.5,10.4,10.41
773,1000,10520.34,2,10.53,10.53,10.52,10.52
774,10000,105270.0,10,10.65,10.65,10.5,10.53
775,4974,51562.93,11,10.32,10.5,10.21,10.37
776,30548,304219.84,42,10.07,10.3,9.64,9.96
777,6009,59856.78,13,10.0,10.0,9.9,9.96
778,12500,124800.0,18,10.0,10.0,9.97,9.98
779,1100,10853.58,7,9.91,9.91,9.85,9.87
780,12375,120860.5,13,9.8,9.82,9.7,9.77
781,29800,290402.65,42,9.98,10.0,9.51,9.75
782,14670,146674.8,33,9.94,10.0,9.94,10.0
783,27224,271406.15,23,10.0,10.0,9.8,9.97
784,15350,153496.4,18,9.99,10.0,9.99,10.0
785,25681,252292.15,14,10.0,10.0,9.55,9.82
786,10521,103309.97,21,9.6,9.99,9.56,9.82
787,41070,393831.9,36,9.88,9.88,9.5,9.59
788,21687,209391.34,37,9.84,9.84,9.5,9.66
789,26374,252660.05,21,9.88,9.88,9.5,9.58
790,105424,1000395.04,80,9.73,9.73,9.16,9.49
791,106110,963114.06,74,9.35,9.5,9.0,9.08
792,93734,843519.01,60,9.39,9.39,8.77,9.0
793,18950,170327.5,19,9.0,9.0,8.87,8.99
794,66573,598762.99,85,9.0,9.2,8.81,8.99
795,5898,52974.72,11,9.0,9.34,8.88,8.98
796,13950,124361.5,17,8.88,9.0,8.86,8.91
797,10929,97478.46,26,8.9,9.0,8.85,8.92
798,34851,313654.8,50,8.72,9.1,8.72,9.0
799,19624,183628.21,24,9.25,9.39,9.23,9.36
800,2003,18408.32,4,9.44,9.44,9.18,9.19
801,15140,140675.13,27,9.43,9.5,9.07,9.29
802,9001,83371.24,23,9.5,9.5,9.16,9.26
803,7900,74675.0,9,9.5,9.5,9.35,9.45
804,66248,632548.02,85,9.59,10.1,9.23,9.55
805,15317,150520.34,29,9.4,10.0,9.4,9.83
806,29669,296969.69,47,9.84,10.19,9.57,10.01
807,35887,361754.6,56,10.13,10.25,9.95,10.08
808,101612,1103774.05,105,9.85,11.08,9.8,10.86
809,100290,1188947.53,113,11.92,11.94,11.4,11.86
810,70165,851715.6,55,12.0,12.5,11.86,12.14
811,37625,441007.76,39,12.0,12.0,11.23,11.72
812,41854,479542.14,42,11.4,11.9,11.34,11.46
813,142669,1706788.39,237,11.55,12.1,11.55,11.96
814,46040,535179.78,75,12.0,12.13,11.3,11.62
815,72058,806879.29,117,11.51,11.51,10.5,11.2
816,201674,2372695.98,234,11.37,12.0,11.35,11.77
817,417601,5294673.74,351,12.0,12.94,12.0,12.68
818,204527,2762086.27,205,13.5,13.75,13.01,13.5
819,64846,845291.08,78,13.5,13.5,12.54,13.04
820,23210,298288.05,36,12.82,13.09,12.7,12.85
821,106212,1354089.29,63,12.52,13.0,12.38,12.75
822,79967,997807.5,71,12.5,12.69,12.3,12.48
823,169761,2096621.15,162,12.83,12.88,12.1,12.35
824,68221,834555.38,148,12.66,12.66,12.12,12.23
825,150259,1886708.04,174,12.41,12.88,12.28,12.56
826,826178,10626300.37,467,12.45,13.17,12.31,12.86
827,131433,1723459.25,101,13.15,13.43,12.97,13.11
828,793295,11172274.55,344,13.5,14.42,13.5,14.08
829,602739,9149562.45,444,14.74,15.43,14.12,15.18
830,288682,4379235.24,137,15.3,15.5,14.33,15.17
831,417421,6554633.93,303,15.5,16.68,15.01,15.7
832,164489,2640086.23,136,16.4,16.4,15.82,16.05
833,53981,880559.49,62,16.2,16.89,16.0,16.31
834,106042,1764409.35,89,16.1,17.35,16.0,16.64
835,270249,4614946.38,209,16.68,17.71,16.6,17.08
836,191309,3298404.77,120,17.12,17.5,17.1,17.24
837,52925,897572.81,71,17.06,17.5,16.42,16.96
838,34170,556556.6,55,16.6,16.98,15.73,16.29
839,35121,551455.77,48,16.5,16.5,15.56,15.7
840,58950,912929.38,74,15.67,16.0,15.35,15.49
841,44843,716075.65,60,15.52,16.1,15.5,15.97
842,57211,926553.37,41,16.12,16.4,16.1,16.2
843,31630,499255.17,48,16.6,16.93,15.5,15.78
844,25800,412832.0,34,15.56,16.3,15.54,16.0
845,8699,139165.57,15,16.0,16.44,15.8,16.0
846,58443,932305.0,59,16.4,16.4,15.5,15.95
847,105078,1629415.71,103,15.8,15.8,15.3,15.51
848,25399,385898.4,40,15.96,15.96,15.1,15.19
849,26599,395290.51,40,15.01,15.39,14.43,14.86
850,13560,206016.5,21,15.4,15.4,15.0,15.19
851,7220,110044.96,12,15.39,15.4,15.0,15.24
852,33109,512539.21,41,15.1,15.79,15.0,15.48
853,100450,1583682.66,119,15.51,16.2,15.0,15.77
854,31130,495683.49,52,15.95,16.1,15.65,15.92
855,27846,440501.89,47,16.0,16.07,15.55,15.82
856,77189,1207291.99,81,15.95,16.37,15.25,15.64
857,50739,764684.57,70,15.79,15.89,14.86,15.07
858,40144,601805.82,29,15.05,15.5,14.51,14.99
859,51171,776006.22,56,15.5,15.63,15.0,15.16
860,29059,450694.2,42,15.1,15.88,15.05,15.51
861,26827,424208.78,46,15.92,16.24,15.15,15.81
862,7785,120379.9,11,15.6,15.6,15.25,15.46
863,34500,521058.03,43,15.17,15.34,14.63,15.1
864,19777,291830.17,31,15.05,15.05,14.7,14.76
865,7291,104700.42,8,14.71,14.71,14.26,14.36
866,24661,369789.52,31,14.98,15.32,14.9,14.99
867,26646,403808.38,24,15.0,15.37,14.71,15.15
868,42320,640537.0,34,15.0,15.49,14.95,15.14
869,21200,316489.64,20,15.4,15.49,14.7,14.93
870,3955,58031.6,7,14.75,14.75,14.52,14.67
871,30395,442046.1,25,14.53,14.62,14.5,14.54
872,2691,38972.85,8,14.5,14.9,14.15,14.48
873,37773,537606.02,24,14.34,14.34,14.0,14.23
874,29971,416248.83,36,14.09,14.99,13.3,13.89
875,35180,470843.72,35,13.31,13.99,13.0,13.38
876,20284,269087.14,28,13.25,13.87,13.16,13.27
877,54093,696825.99,66,13.25,13.25,12.5,12.88
878,16082,206674.28,31,12.79,13.32,12.11,12.85
879,10190,138825.86,20,13.44,13.87,13.2,13.62
880,14687,197125.58,31,13.74,13.8,13.0,13.42
881,5771,74879.14,17,13.01,13.21,12.8,12.98
882,5055,65024.85,14,13.0,13.0,12.8,12.86
883,7395,93641.3,8,12.8,12.81,12.45,12.66
884,17425,222845.03,35,12.61,13.0,12.14,12.79
885,121640,1415158.84,101,12.25,12.75,11.52,11.63
886,60278,713316.9,64,11.6,12.34,11.38,11.83
887,39892,491756.84,56,12.24,12.6,12.0,12.33
888,50635,649630.25,59,12.55,13.01,12.3,12.83
889,76159,1013412.29,101,13.13,13.6,13.0,13.31
890,71935,1026959.33,96,13.3,14.64,13.3,14.28
891,175686,2646966.32,180,14.9,15.59,14.9,15.07
892,1600,24000.0,1,15.0,15.0,15.0,15.0
893,87600,1314014.39,129,15.0,15.39,15.0,15.0
894,40502,612858.91,48,15.0,15.5,15.0,15.13
895,21602,303787.85,23,14.13,15.0,14.0,14.06
896,51151,748157.25,73,14.25,14.95,14.25,14.63
897,23136,343659.55,20,14.8,15.0,14.25,14.85
898,49078,737260.34,65,15.23,15.5,14.85,15.02
899,14712,220692.88,25,15.0,15.01,15.0,15.0
900,12877,197628.32,14,15.01,15.5,15.0,15.35
901,10037,156014.6,16,15.5,15.74,15.33,15.54
902,5905,90666.1,13,15.35,15.5,15.01,15.35
903,20786,310865.0,55,15.0,15.0,14.75,14.96
904,18861,292105.02,15,15.0,15.8,15.0,15.49
905,39633,649000.53,47,15.95,17.0,15.95,16.38
906,125893,2218917.79,109,16.01,18.01,16.01,17.63
907,81884,1483196.38,89,18.0,19.0,17.0,18.11
908,56624,1005781.16,78,18.01,18.25,17.0,17.76
909,20000,335959.8,42,17.0,17.23,16.5,16.8
910,213508,3872347.66,184,16.7,18.48,16.7,18.14
911,14050,255643.22,23,18.15,18.69,18.0,18.2
912,220972,4294489.55,178,18.0,20.02,18.0,19.43
913,77752,1629863.64,91,20.9,21.37,20.0,20.96
914,67622,1432677.0,82,22.0,22.03,20.5,21.19
915,92803,1976124.33,87,20.8,22.5,20.8,21.29
916,96429,2239044.98,117,22.3,23.41,22.3,23.22
917,25502,579707.47,42,23.16,24.5,22.3,22.73
918,56076,1278888.0,35,22.6,23.35,22.5,22.81
919,247726,5695834.52,46,22.0,23.3,22.0,22.99
920,93537,2068854.9,75,22.99,23.1,21.98,22.12
921,19360,429265.74,37,22.0,22.3,22.0,22.17
922,36996,845087.9,52,22.49,23.7,22.49,22.84
923,35124,791032.5,30,22.65,22.71,22.2,22.52
924,10165,229607.08,13,22.7,22.99,22.2,22.59
925,31581,740317.27,46,23.39,23.9,23.0,23.44
926,16561,384505.05,22,23.0,23.49,22.23,23.22
927,51223,1166735.11,30,22.8,23.1,22.51,22.78
928,22400,511056.7,38,23.0,23.0,22.36,22.82
929,21597,477606.85,44,22.3,22.89,22.0,22.11
930,54482,1199888.4,31,22.74,22.74,22.0,22.02
931,89790,2088646.98,136,22.5,24.2,22.49,23.26
932,40751,951082.84,62,23.17,23.99,23.0,23.34
933,8797,201340.85,24,23.35,23.35,22.65,22.89
934,2601,59160.0,8,23.0,23.0,22.5,22.75
935,64513,1420068.85,59,22.35,22.35,22.0,22.01
936,80243,1764472.05,51,22.01,22.2,20.48,21.99
937,35400,786533.96,25,22.01,23.0,22.0,22.22
938,38824,884666.06,57,22.98,23.0,22.32,22.79
939,85889,1858145.74,82,22.01,22.03,21.0,21.63
940,85731,1886568.95,59,22.0,22.35,22.0,22.01
941,28408,641136.32,57,22.8,22.8,22.2,22.57
942,16238,359843.78,23,22.3,22.5,22.0,22.16
943,1360,29624.0,5,22.02,22.02,21.6,21.78
944,11372,250541.3,19,22.0,22.5,22.0,22.03
945,9652,219257.22,19,22.59,23.0,22.36,22.72
946,5660,125311.6,8,22.05,22.3,22.01,22.14
947,22235,496160.34,45,22.1,23.0,22.0,22.31
948,14695,337916.36,28,22.52,23.0,22.52,23.0
949,4938,112219.1,9,22.4,23.2,22.4,22.73
950,4593,103906.52,11,22.5,22.95,22.34,22.62
951,688,15480.0,1,22.5,22.5,22.5,22.5
952,12665,288203.32,27,22.5,22.95,22.5,22.76
953,18317,437841.77,22,23.2,24.8,23.0,23.9
954,70184,1765918.28,101,24.5,26.0,24.5,25.16
955,743151,18748359.7,129,25.0,26.97,25.0,25.23
956,87845,2314959.69,115,25.95,26.99,25.25,26.35
957,25698,678088.2,83,26.15,26.8,26.1,26.39
958,21304,561365.21,60,26.5,28.49,25.66,26.35
959,16608,423658.82,37,26.0,26.0,25.41,25.51
960,23070,588001.88,50,25.5,25.99,25.31,25.49
961,8350,216239.76,26,25.5,26.02,25.33,25.9
962,38331,976989.0,38,25.31,25.6,25.25,25.49
963,625,15818.75,2,25.31,25.31,25.31,25.31
964,3750,91965.0,9,25.0,25.0,24.01,24.52
965,12050,285415.5,31,23.01,24.5,23.01,23.69
966,12940,321563.9,15,24.99,25.0,24.37,24.85
967,22460,556094.6,32,24.5,25.0,24.5,24.76
968,4250,104477.05,7,25.25,25.25,24.35,24.58
969,8475,211697.0,12,24.35,25.18,23.1,24.98
970,7248,178550.9,11,24.15,25.18,24.15,24.63
971,18010,446965.2,24,24.99,25.0,24.27,24.82
972,800,19840.0,1,24.8,24.8,24.8,24.8
973,4750,116181.0,8,24.3,24.51,24.26,24.46
974,22753,565766.58,25,24.03,25.0,24.02,24.87
975,12954,325513.22,15,25.49,25.5,24.75,25.13
976,6800,179612.2,12,26.0,26.89,25.08,26.41
977,33770,912798.8,55,26.75,27.99,26.07,27.03
978,4681,121034.15,13,25.51,26.0,25.51,25.86
979,69216,1879619.93,108,26.5,27.99,25.0,27.16
980,137355,4075385.28,128,28.99,29.87,28.72,29.67
981,303585,9071257.18,244,29.0,30.6,29.0,29.88
982,58179,1746757.85,56,30.0,30.35,30.0,30.02
983,37708,1121142.5,32,30.5,30.5,28.5,29.73
984,60651,1819603.5,44,29.32,30.39,29.32,30.0
985,22752,681736.28,34,30.0,30.29,29.3,29.96
986,52432,1573150.64,40,30.0,30.19,30.0,30.0
987,9940,298594.0,19,30.5,30.5,30.0,30.04
988,14717,452544.26,37,30.1,31.5,30.1,30.75
989,2200,66246.0,5,30.35,30.35,30.01,30.11
990,1224,36806.2,4,30.05,30.1,30.05,30.07
991,15460,464214.78,15,30.05,30.9,30.0,30.03
992,12197,366010.0,15,30.15,30.15,30.0,30.01
993,21950,658552.0,14,30.0,30.4,30.0,30.0
994,16898,506990.0,11,30.01,30.01,30.0,30.0
995,62396,1872181.34,42,30.01,31.0,30.0,30.0
996,9509,285432.59,16,30.01,30.2,30.01,30.02
997,44996,1350506.6,28,30.02,30.54,30.0,30.01
998,27646,829322.5,27,30.1,30.1,29.31,30.0
999,7220,216640.2,6,29.31,30.54,29.31,30.01
1000,8010,240362.9,6,30.29,30.29,30.0,30.01
1001,15091,452760.0,19,30.01,30.01,30.0,30.0
1002,65191,1955760.0,37,30.01,30.01,30.0,30.0
1003,5684,170533.68,3,30.0,30.02,30.0,30.0
1004,1538,46203.52,3,30.0,30.06,30.0,30.04
1005,4231,127003.1,4,30.1,30.1,30.01,30.02
1006,23500,705000.0,8,30.0,30.0,30.0,30.0
1007,10541,316230.0,4,30.0,30.0,30.0,30.0
1008,3883,116738.68,8,30.0,30.3,30.0,30.06
1009,8910,267389.2,8,30.1,30.92,30.0,30.01
1010,204933,6147374.0,6,30.0,30.0,29.31,30.0
1011,1060,31770.0,3,30.0,30.0,29.5,29.97
1012,2750,79430.0,5,28.85,28.91,28.85,28.88
1013,5577,153991.44,7,27.51,28.15,27.5,27.61
1014,2241,63443.38,10,28.0,29.25,28.0,28.31
1015,51,1490.5,2,29.25,29.25,28.0,28.31
1016,38412,1111597.38,16,29.0,29.0,27.02,28.94
1017,1583,44085.67,7,28.99,28.99,27.54,27.85
1018,1000,27452.0,3,27.46,27.46,27.45,27.45
1019,634,17635.42,2,27.13,28.0,27.13,27.82
1020,7314,192039.45,19,28.0,28.0,25.1,26.26
1021,2483,68337.0,11,26.02,27.98,26.02,27.52
1022,5040,140495.0,10,27.8,27.99,27.8,27.88
1023,3692,99925.5,11,28.0,28.49,26.22,27.07
1024,2911,80080.42,9,27.0,28.49,27.0,27.51
1025,1950,55471.01,7,28.47,28.5,28.37,28.45
1026,1417,38618.21,9,26.73,28.0,26.73,27.25
1027,2700,74312.0,10,27.41,28.0,27.0,27.52
1028,30831,895016.21,40,28.75,29.77,28.1,29.03
1029,101,2789.46,2,29.46,29.46,27.6,29.03
1030,3635,100909.05,13,27.8,28.0,27.63,27.76
1031,6433,193647.52,16,29.44,30.5,28.15,30.1
1032,3414,99407.0,8,30.48,30.48,28.5,29.12
1033,96036,2885337.78,115,29.9,31.0,29.01,30.04
1034,20714,616205.3,51,30.37,30.88,29.0,29.75
1035,7908,228972.78,19,28.0,29.01,28.0,28.95
1036,7305,205662.0,20,28.5,28.5,28.0,28.15
1037,200,5560.0,1,27.8,27.8,27.8,28.15
1038,9731,272888.85,23,28.02,28.99,27.65,28.04
1039,1164,33025.47,4,28.87,28.87,28.2,28.37
1040,311410,8719908.2,19,28.01,28.07,28.0,28.0
1041,353,9748.33,3,27.62,27.62,27.61,28.0
1042,2090,57858.5,8,27.7,27.73,27.65,27.68
1043,9690,266956.82,26,27.9,27.9,27.0,27.55
1044,4125,111219.95,11,27.03,27.03,26.5,26.96
1045,2000,53587.0,4,26.99,26.99,26.4,26.79
1046,1563,41240.7,8,26.4,26.53,26.33,26.39
1047,1700,45503.0,7,26.99,26.99,26.7,26.77
1048,3244,85376.06,11,26.77,26.77,26.1,26.32
1049,22910,598583.33,48,26.31,26.51,25.8,26.13
1050,45993,1298079.08,74,27.0,28.74,26.99,28.22
1051,13735,384789.11,27,28.02,28.05,27.38,28.02
1052,3909,110364.12,16,28.7,28.8,27.02,28.23
1053,899,24180.0,6,27.0,27.0,26.25,26.9
1054,3100,81716.0,12,26.5,27.5,25.8,26.36
1055,101,2797.7,1,27.7,27.7,27.7,26.36
1056,3100,83714.48,11,27.0,27.64,27.0,27.0
1057,848,22527.28,4,25.91,27.0,25.91,26.57
1058,5708,149810.4,12,26.4,26.5,25.9,26.25
1059,27350,746903.26,26,26.99,27.97,26.99,27.31
1060,33338,948441.15,56,27.49,30.0,27.49,28.45
1061,3314,96657.4,14,27.63,29.78,27.0,29.17
1062,18986,549787.34,26,27.55,29.88,27.54,28.96
1063,4054,113393.49,12,28.01,28.01,27.85,27.97
1064,8500,237234.5,20,27.61,28.0,27.12,27.91
1065,2760,77859.4,8,28.0,28.9,28.0,28.21
1066,10651,290811.21,24,28.0,28.0,27.0,27.3
1067,800,21648.0,2,27.09,27.09,27.01,27.06
1068,200,5414.34,3,27.11,27.11,27.04,27.06
1069,100,2800.0,2,28.0,28.0,28.0,27.06
1070,45528,1231929.72,47,26.9,27.07,26.9,27.06
1071,22648,612764.29,19,27.06,27.06,26.9,27.06
1072,3465,91661.6,11,27.06,27.06,26.3,26.45
1073,9891,266904.63,6,26.21,27.0,26.21,26.98
1074,2150,56630.89,12,26.4,26.4,26.2,26.34
1075,8624,226862.55,10,26.34,26.38,26.13,26.31
1076,2840,74213.05,7,26.97,26.97,26.0,26.13
1077,1060,28188.8,9,26.97,27.56,25.5,26.59
1078,3110,78917.6,9,25.51,26.5,25.0,25.38
1079,6095,153015.35,12,25.1,25.5,25.0,25.11
1080,628,15555.56,1,24.77,24.77,24.77,24.77
1081,4685,115525.55,11,24.86,25.0,24.0,24.66
1082,16299,391556.0,24,24.0,24.9,23.99,24.02
1083,2456,58242.34,11,23.8,24.85,23.6,23.71
1084,2632,64041.5,5,23.9,24.47,23.9,24.33
